trace,ipc_speedup
1,1.5383535024743586
2,1.6000480240899217
3,1.300657190561291
4,1.600770967993147
